[{
	"id":"NO"
},{
	"id":"A1"
},{
	"id":"A2"
},{
	"id":"A3"
	
},{
	"id":"A4"
},{
	"id":"A5"
},{
	"id":"A6"
},{
	"id":"A7"
},{
	"id":"A8"
},{
	"id":"A9"
},{
	"id":"A10"
	
},{
	"id":"A11"
},{
	"id":"A12"
},{
	"id":"A13"
},{
	"id":"B1"
},{
	"id":"B2"
},{
	"id":"B3"
	
},{
	"id":"B4"
},{
	"id":"B5"
},{
	"id":"B6"
},{
	"id":"B7"
},{
	"id":"B8"
},{
	"id":"B9"
},{
	"id":"B10"
	
},{
	"id":"B11"
},{
	"id":"B12"
},{
	"id":"B13"
},{
	"id":"C1"
},{
	"id":"C2"
},{
	"id":"C3"
	
},{
	"id":"C4"
},{
	"id":"C5"
},{
	"id":"C6"
},{
	"id":"C7"
},{
	"id":"C8"
},{
	"id":"C9"
},{
	"id":"C10"
	
},{
	"id":"C11"
},{
	"id":"C12"
},{
	"id":"C13"
},{
	"id":"D1"
},{
	"id":"D2"
},{
	"id":"D3"
},{
	"id":"D4"
},{
	"id":"D5"
},{
	"id":"D6"
},{
	"id":"D7"
},{
	"id":"D8"
},{
	"id":"D9"
},{
	"id":"D10"
	
},{
	"id":"D11"
},{
	"id":"D12"
},{
	"id":"D13"
}]